point_id,longitude,latitude,B02,B03,B04,B08,B11,B12,NDVI,NDMI,iron_oxide_proxy,swir_ratio,MnO,label,sample_class,sample_type,location,source,source_report,NUID,page
ME/JBP/2024/BRS_1/49367,79.679,21.702,1942.0,2241.0,2728.0,3769.0,5365.0,4236.0,0.16022779047489166,-0.1747317761182785,1.4047373533248901,1.2665250301361084,44.9,1,authoritative_manganese_positive,BRS,Mineralization associated with quartzofeldspathic rock near Chandadoh,Geological Survey of India (GSI) / NGDR/Bhu-Chayan; NUID 49367,20260724162936.935_CR_Final_Report_49367_2024_25_JBP.pdf,49367,119
ME/JBP/2024/BRS_2/49367,79.634,21.657,1250.0,1430.0,1382.0,2874.0,2809.0,2019.0,0.3505639135837555,0.011437620967626572,1.1055999994277954,1.3912827968597412,61.84,1,authoritative_manganese_positive,BRS,Mn mineralization debris scattered in the area,Geological Survey of India (GSI) / NGDR/Bhu-Chayan; NUID 49367,20260724162936.935_CR_Final_Report_49367_2024_25_JBP.pdf,49367,119
ME/JBP/2024/BRS_3/49367,79.634,21.658,1276.0,1443.0,1461.0,2850.0,2938.0,2157.0,0.3221990168094635,-0.0152038699015975,1.1449843645095825,1.362076997756958,0.18,1,authoritative_manganese_positive,BRS,Lateritic capping developed over schistose rock,Geological Survey of India (GSI) / NGDR/Bhu-Chayan; NUID 49367,20260724162936.935_CR_Final_Report_49367_2024_25_JBP.pdf,49367,119
ME/JBP/2024/BRS_4/49367,79.637,21.659,1220.0,1400.0,1331.0,2850.0,2719.0,1909.0,0.36331021785736084,0.02352307364344597,1.0909836292266846,1.4243059158325195,3.34,1,authoritative_manganese_positive,BRS,Lateritic capping developed over schistose rock,Geological Survey of India (GSI) / NGDR/Bhu-Chayan; NUID 49367,20260724162936.935_CR_Final_Report_49367_2024_25_JBP.pdf,49367,119
ME/JBP/2024/BRS_5/49367,79.636,21.723,1444.0,1739.0,1929.0,3650.0,3504.0,2485.0,0.3084782361984253,0.020408162847161293,1.3358725309371948,1.4100604057312012,0.81,1,authoritative_manganese_positive,BRS,Lateritic debris scattered over crystalline limestone,Geological Survey of India (GSI) / NGDR/Bhu-Chayan; NUID 49367,20260724162936.935_CR_Final_Report_49367_2024_25_JBP.pdf,49367,119
ME/JBP/2024/BRS_6/49367,79.685,21.749,1498.0,1781.0,2090.0,3292.0,3948.0,3002.0,0.2233370542526245,-0.09060773253440857,1.3951935768127441,1.315123200416565,0.16,1,authoritative_manganese_positive,BRS,Lateritic debris capping over gneissic rock,Geological Survey of India (GSI) / NGDR/Bhu-Chayan; NUID 49367,20260724162936.935_CR_Final_Report_49367_2024_25_JBP.pdf,49367,119
ME/JBP/2024/BRS_7/49367,79.636,21.681,1207.0,1302.0,1280.0,2995.0,2568.0,1789.0,0.4011695981025696,0.07675714790821075,1.0604804754257202,1.4354387521743774,11.92,1,authoritative_manganese_positive,BRS,Mineralization is associated with quartz in the vein form,Geological Survey of India (GSI) / NGDR/Bhu-Chayan; NUID 49367,20260724162936.935_CR_Final_Report_49367_2024_25_JBP.pdf,49367,119
ME/JBP/2024/BRS_8/49367,79.635,21.681,1267.0,1392.0,1410.0,2870.0,2819.0,2016.0,0.34112149477005005,0.008964668959379196,1.1128650903701782,1.3983135223388672,11.73,1,authoritative_manganese_positive,BRS,Mn ore associated with quartzofeldspathic rock in old working Koylari,Geological Survey of India (GSI) / NGDR/Bhu-Chayan; NUID 49367,20260724162936.935_CR_Final_Report_49367_2024_25_JBP.pdf,49367,119
ME/JBP/2024/BRS_9/49367,79.645,21.697,1491.0,1737.0,2046.0,3260.0,4154.0,3108.0,0.22879758477210999,-0.1205826848745346,1.3722333908081055,1.3365508317947388,15.52,1,authoritative_manganese_positive,BRS,Mineralization hosted within mica schist in the form of circular lenses,Geological Survey of India (GSI) / NGDR/Bhu-Chayan; NUID 49367,20260724162936.935_CR_Final_Report_49367_2024_25_JBP.pdf,49367,119
ME/JBP/2024/BRS_10/49367,79.646,21.697,1555.0,1819.0,2215.0,3446.0,4206.0,3233.0,0.2174527496099472,-0.0993204414844513,1.4244372844696045,1.3009588718414307,20.75,1,authoritative_manganese_positive,BRS,Mineralization is hosted within uartz mica schist,Geological Survey of India (GSI) / NGDR/Bhu-Chayan; NUID 49367,20260724162936.935_CR_Final_Report_49367_2024_25_JBP.pdf,49367,119
ME/JBP/2024/BRS_11/49367,79.642,21.675,1363.0,1527.0,1677.0,2600.0,3720.0,2837.0,0.21580547094345093,-0.17721518874168396,1.2303742170333862,1.311244249343872,0.37,1,authoritative_manganese_positive,BRS,Lateritic capping developed over schistose rock,Geological Survey of India (GSI) / NGDR/Bhu-Chayan; NUID 49367,20260724162936.935_CR_Final_Report_49367_2024_25_JBP.pdf,49367,119
ME/JBP/2024/BRS_12/49367,79.644,21.674,1261.0,1424.0,1487.0,2563.0,3142.0,2348.0,0.2656790018081665,-0.10148992389440536,1.179222822189331,1.3381601572036743,45.98,1,authoritative_manganese_positive,BRS,Mineralization is associated with yellowish coloured material,Geological Survey of India (GSI) / NGDR/Bhu-Chayan; NUID 49367,20260724162936.935_CR_Final_Report_49367_2024_25_JBP.pdf,49367,119
ME/JBP/2024/BRS_13/49367,79.644,21.674,1261.0,1424.0,1487.0,2563.0,3142.0,2348.0,0.2656790018081665,-0.10148992389440536,1.179222822189331,1.3381601572036743,42.59,1,authoritative_manganese_positive,BRS,Mineralization hosted within pegmatite vein,Geological Survey of India (GSI) / NGDR/Bhu-Chayan; NUID 49367,20260724162936.935_CR_Final_Report_49367_2024_25_JBP.pdf,49367,119
ME/JBP/2024/BRS_14/49367,79.636,21.67,1298.0,1483.0,1540.0,2714.0,3322.0,2486.0,0.2759755551815033,-0.10072895884513855,1.1864407062530518,1.3362832069396973,0.08,1,authoritative_manganese_positive,BRS,Mineralization suspected within quartz vein,Geological Survey of India (GSI) / NGDR/Bhu-Chayan; NUID 49367,20260724162936.935_CR_Final_Report_49367_2024_25_JBP.pdf,49367,119
ME/JBP/2024/BRS_15/49367,79.64,21.672,1206.0,1435.0,1396.0,2972.0,3045.0,2225.0,0.360805869102478,-0.012132291682064533,1.157545566558838,1.3685393333435059,25.35,1,authoritative_manganese_positive,BRS,Mineralization associated with quartzofeldspathic rock in oldworking,Geological Survey of India (GSI) / NGDR/Bhu-Chayan; NUID 49367,20260724162936.935_CR_Final_Report_49367_2024_25_JBP.pdf,49367,119
ME/JBP/2024/BRS_16/49367,79.633,21.698,1210.0,1402.0,1320.0,3012.0,2628.0,1871.0,0.39058172702789307,0.06808510422706604,1.0909091234207153,1.4045964479446411,30.86,1,authoritative_manganese_positive,BRS,Mineralization associated with quartzofeldspathic rock in oldworking,Geological Survey of India (GSI) / NGDR/Bhu-Chayan; NUID 49367,20260724162936.935_CR_Final_Report_49367_2024_25_JBP.pdf,49367,119
ME/JBP/2024/BRS_17/49367,79.631,21.699,1195.0,1358.0,1354.0,3207.0,2737.0,1897.0,0.4062705636024475,0.07907133549451828,1.1330543756484985,1.4428044557571411,29.92,1,authoritative_manganese_positive,BRS,Mineralization associated with quartzofeldspathic rock in oldworking,Geological Survey of India (GSI) / NGDR/Bhu-Chayan; NUID 49367,20260724162936.935_CR_Final_Report_49367_2024_25_JBP.pdf,49367,119
ME/JBP/2024/BRS_18/49367,79.642,21.674,1245.0,1416.0,1354.0,3110.0,2896.0,2054.0,0.3933691680431366,0.03563103452324867,1.087550163269043,1.4099318981170654,0.49,1,authoritative_manganese_positive,BRS,Mineralization associated light yellow color material hosted within schistose rock in oldworking,Geological Survey of India (GSI) / NGDR/Bhu-Chayan; NUID 49367,20260724162936.935_CR_Final_Report_49367_2024_25_JBP.pdf,49367,119
ME/JBP/2024/BRS_19/49367,79.633,21.665,1243.0,1349.0,1366.0,2564.0,2940.0,2198.0,0.30483460426330566,-0.06831395626068115,1.098954200744629,1.337579607963562,0.22,1,authoritative_manganese_positive,BRS,Amphibolite pyroxene rock sample collected,Geological Survey of India (GSI) / NGDR/Bhu-Chayan; NUID 49367,20260724162936.935_CR_Final_Report_49367_2024_25_JBP.pdf,49367,119
ME/JBP/2024/BRS_20/49367,79.634,21.665,1210.0,1423.0,1404.0,3126.0,3033.0,2154.0,0.38013243675231934,0.015099854208528996,1.1603305339813232,1.4080779552459717,16.36,1,authoritative_manganese_positive,BRS,Mineralization associated garnet bearing quartz rich rock,Geological Survey of India (GSI) / NGDR/Bhu-Chayan; NUID 49367,20260724162936.935_CR_Final_Report_49367_2024_25_JBP.pdf,49367,119
ME/JBP/2024/BRS_21/49367,79.634,21.665,1210.0,1423.0,1404.0,3126.0,3033.0,2154.0,0.38013243675231934,0.015099854208528996,1.1603305339813232,1.4080779552459717,27.28,1,authoritative_manganese_positive,BRS,Mineralization associated quartz vein in the old working pits,Geological Survey of India (GSI) / NGDR/Bhu-Chayan; NUID 49367,20260724162936.935_CR_Final_Report_49367_2024_25_JBP.pdf,49367,119
ME/JBP/2024/BRS_22/49367,79.637,21.662,1184.0,1367.0,1350.0,2811.0,2860.0,2059.0,0.3511175215244293,-0.008640451356768608,1.1402027606964111,1.389023780822754,8.88,1,authoritative_manganese_positive,BRS,Mineralization associated quartz vein with garnet,Geological Survey of India (GSI) / NGDR/Bhu-Chayan; NUID 49367,20260724162936.935_CR_Final_Report_49367_2024_25_JBP.pdf,49367,119
ME/JBP/2024/BRS_23/49367,79.638,21.666,1205.0,1393.0,1355.0,2786.0,2897.0,2096.0,0.3455687165260315,-0.019531937316060066,1.1244813203811646,1.382156491279602,0.52,1,authoritative_manganese_positive,BRS,Ferrogenus rock sulfide mineralization sample,Geological Survey of India (GSI) / NGDR/Bhu-Chayan; NUID 49367,20260724162936.935_CR_Final_Report_49367_2024_25_JBP.pdf,49367,119
ME/JBP/2024/BRS_24/49367,79.635,21.665,1350.0,1538.0,1661.0,2857.0,3518.0,2635.0,0.2647188901901245,-0.10368627309799194,1.2303704023361206,1.3351043462753296,26.45,1,authoritative_manganese_positive,BRS,"Mineralization associated quartzo- feldspathic material, granular in nature in shallow oldworking pit",Geological Survey of India (GSI) / NGDR/Bhu-Chayan; NUID 49367,20260724162936.935_CR_Final_Report_49367_2024_25_JBP.pdf,49367,119
ME/JBP/2024/BRS_25/49367,79.653,21.673,1350.0,1526.0,1662.0,2950.0,3407.0,2476.0,0.2792714536190033,-0.07188925892114639,1.2311111688613892,1.3760097026824951,9.45,1,authoritative_manganese_positive,BRS,Mineralization observed as leteritic debris,Geological Survey of India (GSI) / NGDR/Bhu-Chayan; NUID 49367,20260724162936.935_CR_Final_Report_49367_2024_25_JBP.pdf,49367,119
ME/JBP/2024/BRS_26/49367,79.65,21.673,1178.0,1387.0,1295.0,3106.0,2579.0,1846.0,0.4114973843097687,0.09270008653402328,1.099320888519287,1.3970746994018555,26.0,1,authoritative_manganese_positive,BRS,Mineralization associated quartz vein and yellowish color feldspathic material in oldworking,Geological Survey of India (GSI) / NGDR/Bhu-Chayan; NUID 49367,20260724162936.935_CR_Final_Report_49367_2024_25_JBP.pdf,49367,119
ME/JBP/2024/BRS_27/49367,79.632,21.665,1235.0,1385.0,1448.0,2828.0,3030.0,2195.0,0.32273152470588684,-0.03448275849223137,1.1724696159362793,1.380410075187683,15.68,1,authoritative_manganese_positive,BRS,Mineralization associated light pink color feldspathic material in oldworking,Geological Survey of India (GSI) / NGDR/Bhu-Chayan; NUID 49367,20260724162936.935_CR_Final_Report_49367_2024_25_JBP.pdf,49367,119
ME/JBP/2024/BRS_28/49367,79.644,21.671,1241.0,1462.0,1464.0,2949.0,3086.0,2234.0,0.3365057706832886,-0.02270091138780117,1.1796938180923462,1.3813786506652832,0.87,1,authoritative_manganese_positive,BRS,Mineralization observed as leteritic debris over the country rock of biotite gneiss,Geological Survey of India (GSI) / NGDR/Bhu-Chayan; NUID 49367,20260724162936.935_CR_Final_Report_49367_2024_25_JBP.pdf,49367,119
ME/JBP/2024/BRS_29/49367,79.65,21.672,1236.0,1420.0,1384.0,3158.0,2809.0,1976.0,0.3905768394470215,0.058488354086875916,1.1197410821914673,1.4215587377548218,4.32,1,authoritative_manganese_positive,BRS,Mineralization observed as leteritic debris over the country rock of biotite gneiss,Geological Survey of India (GSI) / NGDR/Bhu-Chayan; NUID 49367,20260724162936.935_CR_Final_Report_49367_2024_25_JBP.pdf,49367,119
ME/JBP/2024/BRS_30/49367,79.666,21.679,1274.0,1447.0,1532.0,2469.0,3271.0,2527.0,0.23419144749641418,-0.13972125947475433,1.2025117874145508,1.2944202423095703,53.29,1,authoritative_manganese_positive,BRS,Mineralization observed as leteritic debris as hard compact ore,Geological Survey of India (GSI) / NGDR/Bhu-Chayan; NUID 49367,20260724162936.935_CR_Final_Report_49367_2024_25_JBP.pdf,49367,120
ME/JBP/2024/BRS_31/49367,79.638,21.682,1169.0,1322.0,1280.0,3001.0,2505.0,1756.0,0.40200889110565186,0.090083546936512,1.094952940940857,1.4265376329421997,8.88,1,authoritative_manganese_positive,BRS,Mineralization associated with quartz and pink color material in oldworking,Geological Survey of India (GSI) / NGDR/Bhu-Chayan; NUID 49367,20260724162936.935_CR_Final_Report_49367_2024_25_JBP.pdf,49367,120
ME/JBP/2024/BRS_32/49367,79.638,21.683,1226.0,1395.0,1369.0,2833.0,2745.0,1978.0,0.34840551018714905,0.015776263549923897,1.116639494895935,1.3877654075622559,17.36,1,authoritative_manganese_positive,BRS,Mineralization associated with light pink gonditic rock with in fractures in oldworking,Geological Survey of India (GSI) / NGDR/Bhu-Chayan; NUID 49367,20260724162936.935_CR_Final_Report_49367_2024_25_JBP.pdf,49367,120
ME/JBP/2024/BRS_33/49367,79.633,21.698,1210.0,1402.0,1320.0,3012.0,2628.0,1871.0,0.39058172702789307,0.06808510422706604,1.0909091234207153,1.4045964479446411,17.37,1,authoritative_manganese_positive,BRS,Mineralization associated garnet bearing quartz rich rock,Geological Survey of India (GSI) / NGDR/Bhu-Chayan; NUID 49367,20260724162936.935_CR_Final_Report_49367_2024_25_JBP.pdf,49367,120
ME/JBP/2024/BRS_34/49367,79.66,21.693,1343.0,1540.0,1678.0,3249.0,3582.0,2654.0,0.31885528564453125,-0.04874835163354874,1.2494415044784546,1.349660873413086,35.31,1,authoritative_manganese_positive,BRS,Mineralization associated garnet bearing quartz rich rock,Geological Survey of India (GSI) / NGDR/Bhu-Chayan; NUID 49367,20260724162936.935_CR_Final_Report_49367_2024_25_JBP.pdf,49367,120
ME/JBP/2024/BRS_35/49367,79.663,21.698,1331.0,1555.0,1728.0,2785.0,3847.0,2863.0,0.23421227931976318,-0.16013269126415253,1.2982720136642456,1.3436954021453857,14.81,1,authoritative_manganese_positive,BRS,Mineralization associated garnet bearing quartz rich rock,Geological Survey of India (GSI) / NGDR/Bhu-Chayan; NUID 49367,20260724162936.935_CR_Final_Report_49367_2024_25_JBP.pdf,49367,120
ME/JBP/2024/BRS_36/49367,79.665,21.699,1280.0,1448.0,1511.0,2856.0,3265.0,2457.0,0.30799174308776855,-0.06681914627552032,1.1804687976837158,1.328856348991394,32.57,1,authoritative_manganese_positive,BRS,Mineralization associated quartz vein,Geological Survey of India (GSI) / NGDR/Bhu-Chayan; NUID 49367,20260724162936.935_CR_Final_Report_49367_2024_25_JBP.pdf,49367,120
ME/JBP/2024/BRS_37/49367,79.677,21.683,1227.0,1398.0,1424.0,2765.0,2925.0,2149.0,0.32012414932250977,-0.028119508177042007,1.1605541706085205,1.3610981702804565,15.52,1,authoritative_manganese_positive,BRS,"Mineralization associated quartz vein hosted within fine grained qtz mica , metasedimentary",Geological Survey of India (GSI) / NGDR/Bhu-Chayan; NUID 49367,20260724162936.935_CR_Final_Report_49367_2024_25_JBP.pdf,49367,120
ME/JBP/2024/BRS_38/49367,79.677,21.683,1227.0,1398.0,1424.0,2765.0,2925.0,2149.0,0.32012414932250977,-0.028119508177042007,1.1605541706085205,1.3610981702804565,11.87,1,authoritative_manganese_positive,BRS,"Mineralization associated quartz vein hosted within fine grained qtz mica , metasedimentary",Geological Survey of India (GSI) / NGDR/Bhu-Chayan; NUID 49367,20260724162936.935_CR_Final_Report_49367_2024_25_JBP.pdf,49367,120
ME/JBP/2024/BRS_39/49367,79.678,21.684,1239.0,1425.0,1480.0,2711.0,3173.0,2344.0,0.2937246561050415,-0.07851801812648773,1.1945116519927979,1.3536689281463623,50.81,1,authoritative_manganese_positive,BRS,Mineralization associated garnet bearing quartz rich rock,Geological Survey of India (GSI) / NGDR/Bhu-Chayan; NUID 49367,20260724162936.935_CR_Final_Report_49367_2024_25_JBP.pdf,49367,120
ME/JBP/2024/BRS_40/49367,79.678,21.684,1239.0,1425.0,1480.0,2711.0,3173.0,2344.0,0.2937246561050415,-0.07851801812648773,1.1945116519927979,1.3536689281463623,12.13,1,authoritative_manganese_positive,BRS,Mineralization associated garnet bearing quartz rich rock,Geological Survey of India (GSI) / NGDR/Bhu-Chayan; NUID 49367,20260724162936.935_CR_Final_Report_49367_2024_25_JBP.pdf,49367,120
ME/JBP/2024/BRS_41/49367,79.674,21.682,1327.0,1539.0,1654.0,2815.0,3613.0,2784.0,0.25978967547416687,-0.12414436787366867,1.2464205026626587,1.297773003578186,5.69,1,authoritative_manganese_positive,BRS,Mineralization associated quartz in pegmatite veins,Geological Survey of India (GSI) / NGDR/Bhu-Chayan; NUID 49367,20260724162936.935_CR_Final_Report_49367_2024_25_JBP.pdf,49367,120
ME/JBP/2024/BRS_42/49367,79.681,21.669,1290.0,1451.0,1571.0,2443.0,3263.0,2458.0,0.21723966300487518,-0.14370837807655334,1.2178294658660889,1.3275020122528076,23.13,1,authoritative_manganese_positive,BRS,Mineralization associated quartz and brownish color rock,Geological Survey of India (GSI) / NGDR/Bhu-Chayan; NUID 49367,20260724162936.935_CR_Final_Report_49367_2024_25_JBP.pdf,49367,120
ME/JBP/2024/BRS_43/49367,79.684,21.687,1194.0,1374.0,1344.0,2613.0,2783.0,2052.0,0.32069748640060425,-0.03150481730699539,1.125628113746643,1.356237769126892,22.87,1,authoritative_manganese_positive,BRS,Mineralization associated garnet bearing quartz rich rock,Geological Survey of India (GSI) / NGDR/Bhu-Chayan; NUID 49367,20260724162936.935_CR_Final_Report_49367_2024_25_JBP.pdf,49367,120
ME/JBP/2024/BRS_44/49367,79.686,21.688,1420.0,1584.0,1729.0,2335.0,2788.0,2315.0,0.14911417663097382,-0.08842474967241287,1.2176055908203125,1.2043195962905884,13.89,1,authoritative_manganese_positive,BRS,Mineralization associated quartz vein,Geological Survey of India (GSI) / NGDR/Bhu-Chayan; NUID 49367,20260724162936.935_CR_Final_Report_49367_2024_25_JBP.pdf,49367,120
ME/JBP/2024/BRS_45/49367,79.685,21.689,1293.0,1518.0,1613.0,2855.0,3284.0,2484.0,0.27797672152519226,-0.06988108903169632,1.2474864721298218,1.3220611810684204,11.63,1,authoritative_manganese_positive,BRS,Mineralization associated quartz vein,Geological Survey of India (GSI) / NGDR/Bhu-Chayan; NUID 49367,20260724162936.935_CR_Final_Report_49367_2024_25_JBP.pdf,49367,120
ME/JBP/2024/BRS_46/49367,79.688,21.689,1241.0,1378.0,1404.0,2755.0,2748.0,2048.0,0.32483771443367004,0.0012720334343612194,1.1313456296920776,1.341796875,28.47,1,authoritative_manganese_positive,BRS,Mineralization is intermixed woth quartz and yellow color material,Geological Survey of India (GSI) / NGDR/Bhu-Chayan; NUID 49367,20260724162936.935_CR_Final_Report_49367_2024_25_JBP.pdf,49367,120
ME/JBP/2024/BRS_47/49367,79.646,21.687,1295.0,1481.0,1575.0,2872.0,3103.0,2254.0,0.29165729880332947,-0.03866108879446983,1.2162162065505981,1.3766636848449707,14.24,1,authoritative_manganese_positive,BRS,Mineralization is intermixed woth quartz and yellow color material,Geological Survey of India (GSI) / NGDR/Bhu-Chayan; NUID 49367,20260724162936.935_CR_Final_Report_49367_2024_25_JBP.pdf,49367,120
ME/JBP/2024/BRS_48/49367,79.646,21.687,1295.0,1481.0,1575.0,2872.0,3103.0,2254.0,0.29165729880332947,-0.03866108879446983,1.2162162065505981,1.3766636848449707,15.69,1,authoritative_manganese_positive,BRS,Mineralization associated quartz vein,Geological Survey of India (GSI) / NGDR/Bhu-Chayan; NUID 49367,20260724162936.935_CR_Final_Report_49367_2024_25_JBP.pdf,49367,120
ME/JBP/2024/BRS_49/49367,79.634,21.696,1226.0,1421.0,1375.0,3161.0,2726.0,1925.0,0.3937389850616455,0.07389162480831146,1.1215333938598633,1.4161038398742676,21.53,1,authoritative_manganese_positive,BRS,Mineralization associated quartz vein,Geological Survey of India (GSI) / NGDR/Bhu-Chayan; NUID 49367,20260724162936.935_CR_Final_Report_49367_2024_25_JBP.pdf,49367,120
ME/JBP/2024/BRS_50/49367,79.692,21.691,1248.0,1397.0,1462.0,2729.0,3068.0,2243.0,0.30231449007987976,-0.058478523045778275,1.1714743375778198,1.3678109645843506,19.61,1,authoritative_manganese_positive,BRS,Mineralization is intermixed woth quartz and yellow color material,Geological Survey of India (GSI) / NGDR/Bhu-Chayan; NUID 49367,20260724162936.935_CR_Final_Report_49367_2024_25_JBP.pdf,49367,120
ME/JBP/2024/BRS_51/49367,79.649,21.71,1524.0,1878.0,2138.0,3618.0,4025.0,2995.0,0.2571229934692383,-0.05325134098529816,1.4028871059417725,1.3439065217971802,30.4,1,authoritative_manganese_positive,BRS,Mineralization associated quartz and pink feldspar,Geological Survey of India (GSI) / NGDR/Bhu-Chayan; NUID 49367,20260724162936.935_CR_Final_Report_49367_2024_25_JBP.pdf,49367,120
ME/JBP/2024/BRS_52/49367,79.727,21.704,1281.0,1486.0,1528.0,2741.0,3348.0,2462.0,0.284141480922699,-0.09968796372413635,1.1928181648254395,1.3598700761795044,16.75,1,authoritative_manganese_positive,BRS,Mineralization associated quartz vein,Geological Survey of India (GSI) / NGDR/Bhu-Chayan; NUID 49367,20260724162936.935_CR_Final_Report_49367_2024_25_JBP.pdf,49367,120
ME/JBP/2024/BRS_53/49367,79.73,21.702,1305.0,1530.0,1561.0,3175.0,3324.0,2328.0,0.3407939076423645,-0.022926604375243187,1.1961685419082642,1.4278351068496704,12.48,1,authoritative_manganese_positive,BRS,"Mineralization associated quartz vein, light weight",Geological Survey of India (GSI) / NGDR/Bhu-Chayan; NUID 49367,20260724162936.935_CR_Final_Report_49367_2024_25_JBP.pdf,49367,120
ME/JBP/2024/BRS_54/49367,79.74,21.717,1245.0,1469.0,1451.0,3095.0,3181.0,2285.0,0.36163660883903503,-0.013702995143830776,1.1654618978500366,1.392122507095337,19.63,1,authoritative_manganese_positive,BRS,Mineralization associated with garnet bearing quartz vein,Geological Survey of India (GSI) / NGDR/Bhu-Chayan; NUID 49367,20260724162936.935_CR_Final_Report_49367_2024_25_JBP.pdf,49367,120
ME/JBP/2024/BRS_55/49367,79.739,21.716,1203.0,1403.0,1368.0,3107.0,2923.0,2052.0,0.3886033594608307,0.030514096841216087,1.1371570825576782,1.4244639873504639,17.25,1,authoritative_manganese_positive,BRS,Mineralization associated with quartz vein hosted in Quartz mica schist,Geological Survey of India (GSI) / NGDR/Bhu-Chayan; NUID 49367,20260724162936.935_CR_Final_Report_49367_2024_25_JBP.pdf,49367,120
ME/JBP/2024/BRS_56/49367,79.739,21.716,1203.0,1403.0,1368.0,3107.0,2923.0,2052.0,0.3886033594608307,0.030514096841216087,1.1371570825576782,1.4244639873504639,14.7,1,authoritative_manganese_positive,BRS,Mineralization associated with quartz vein hosted in Quartz mica schist,Geological Survey of India (GSI) / NGDR/Bhu-Chayan; NUID 49367,20260724162936.935_CR_Final_Report_49367_2024_25_JBP.pdf,49367,120
ME/JBP/2024/BRS_57/49367,79.737,21.714,1284.0,1515.0,1628.0,2996.0,3312.0,2432.0,0.29584774374961853,-0.05009511858224869,1.267912745475769,1.361842155456543,6.22,1,authoritative_manganese_positive,BRS,Mineralization associated with pegmatite vein,Geological Survey of India (GSI) / NGDR/Bhu-Chayan; NUID 49367,20260724162936.935_CR_Final_Report_49367_2024_25_JBP.pdf,49367,120
ME/JBP/2024/BRS_58/49367,79.736,21.712,1187.0,1377.0,1336.0,2525.0,2615.0,1964.0,0.30795130133628845,-0.01750972680747509,1.1255265474319458,1.3314664363861084,32.62,1,authoritative_manganese_positive,BRS,Mineralization associated with pegmatite vein,Geological Survey of India (GSI) / NGDR/Bhu-Chayan; NUID 49367,20260724162936.935_CR_Final_Report_49367_2024_25_JBP.pdf,49367,120
ME/JBP/2024/BRS_59/49367,79.732,21.72,1668.0,2020.0,2430.0,3595.0,4733.0,3745.0,0.19336099922657013,-0.13664744794368744,1.4568345546722412,1.263818383216858,0.15,1,authoritative_manganese_positive,BRS,Laterite debris over the quartz mica schist,Geological Survey of India (GSI) / NGDR/Bhu-Chayan; NUID 49367,20260724162936.935_CR_Final_Report_49367_2024_25_JBP.pdf,49367,120
ME/JBP/2024/BRS_60/49367,79.689,21.686,1215.0,1389.0,1413.0,2742.0,2734.0,2014.0,0.31985560059547424,0.0014609204372391105,1.1629629135131836,1.3574975728988647,34.74,1,authoritative_manganese_positive,BRS,Mineralization associated with quartz vein,Geological Survey of India (GSI) / NGDR/Bhu-Chayan; NUID 49367,20260724162936.935_CR_Final_Report_49367_2024_25_JBP.pdf,49367,121
ME/JBP/2024/BRS_61/49367,79.691,21.691,1203.0,1387.0,1419.0,2829.0,2953.0,2148.0,0.33192089200019836,-0.0214458666741848,1.179551124572754,1.3747671842575073,20.04,1,authoritative_manganese_positive,BRS,Mineralization associated with quartz vein,Geological Survey of India (GSI) / NGDR/Bhu-Chayan; NUID 49367,20260724162936.935_CR_Final_Report_49367_2024_25_JBP.pdf,49367,121
ME/JBP/2024/BRS_62/49367,79.702,21.709,1278.0,1503.0,1539.0,3155.0,3075.0,2275.0,0.3442692756652832,0.012841091491281986,1.2042253017425537,1.3516483306884766,27.27,1,authoritative_manganese_positive,BRS,Mineralization associated with quartz vein,Geological Survey of India (GSI) / NGDR/Bhu-Chayan; NUID 49367,20260724162936.935_CR_Final_Report_49367_2024_25_JBP.pdf,49367,121
ME/JBP/2024/BRS_63/49367,79.692,21.703,1239.0,1384.0,1373.0,3136.0,2603.0,1923.0,0.3909958004951477,0.09287331998348236,1.1081517934799194,1.353614091873169,17.46,1,authoritative_manganese_positive,BRS,Mineralization associated with pegmatite vein,Geological Survey of India (GSI) / NGDR/Bhu-Chayan; NUID 49367,20260724162936.935_CR_Final_Report_49367_2024_25_JBP.pdf,49367,121
ME/JBP/2024/BRS_64/49367,79.69,21.704,1452.0,1640.0,1834.0,3313.0,3793.0,2895.0,0.2873518466949463,-0.06754855066537857,1.2630853652954102,1.310189962387085,25.29,1,authoritative_manganese_positive,BRS,Mineralization associated with garnet bearing quartz vein,Geological Survey of India (GSI) / NGDR/Bhu-Chayan; NUID 49367,20260724162936.935_CR_Final_Report_49367_2024_25_JBP.pdf,49367,121
ME/JBP/2024/BRS_65/49367,79.689,21.703,1250.0,1413.0,1478.0,2934.0,3152.0,2336.0,0.3300090730190277,-0.03581991419196129,1.1823999881744385,1.3493150472640991,0.43,1,authoritative_manganese_positive,BRS,Mineralization associated with garnet bearing bedded quartzite,Geological Survey of India (GSI) / NGDR/Bhu-Chayan; NUID 49367,20260724162936.935_CR_Final_Report_49367_2024_25_JBP.pdf,49367,121
ME/JBP/2024/BRS_66/49367,79.703,21.708,1292.0,1481.0,1590.0,2962.0,3094.0,2294.0,0.30140596628189087,-0.021796565502882004,1.2306501865386963,1.3487358093261719,17.83,1,authoritative_manganese_positive,BRS,Mineralization is intermixed with quartz,Geological Survey of India (GSI) / NGDR/Bhu-Chayan; NUID 49367,20260724162936.935_CR_Final_Report_49367_2024_25_JBP.pdf,49367,121
ME/JBP/2024/BRS_67/49367,79.662,21.707,1491.0,1759.0,2005.0,3529.0,4431.0,3482.0,0.2753885090351105,-0.11331658065319061,1.344735026359558,1.272544503211975,47.3,1,authoritative_manganese_positive,BRS,Mineralization associated with quartz vein,Geological Survey of India (GSI) / NGDR/Bhu-Chayan; NUID 49367,20260724162936.935_CR_Final_Report_49367_2024_25_JBP.pdf,49367,121
ME/JBP/2024/BRS_68/49367,79.658,21.69,1521.0,1758.0,2106.0,3311.0,4006.0,3031.0,0.22244784235954285,-0.09498428553342819,1.384615421295166,1.3216760158538818,11.8,1,authoritative_manganese_positive,BRS,Mineralization is intermixed with quartz and pegmatite,Geological Survey of India (GSI) / NGDR/Bhu-Chayan; NUID 49367,20260724162936.935_CR_Final_Report_49367_2024_25_JBP.pdf,49367,121
ME/JBP/2024/BRS_69/49367,79.682,21.73,1762.0,2067.0,2594.0,3815.0,5124.0,4029.0,0.19051334261894226,-0.14643695950508118,1.4721907377243042,1.2717796564102173,1.41,1,authoritative_manganese_positive,BRS,"Mineralization is associated with quartz mica schist, with gonditic rock",Geological Survey of India (GSI) / NGDR/Bhu-Chayan; NUID 49367,20260724162936.935_CR_Final_Report_49367_2024_25_JBP.pdf,49367,121
ME/JBP/2024/BRS_70/49367,79.683,21.731,1506.0,1704.0,2013.0,3406.0,4168.0,3162.0,0.2570585012435913,-0.10060734301805496,1.3366533517837524,1.3181530237197876,20.22,1,authoritative_manganese_positive,BRS,Mineralization associated with quartz and pink color material,Geological Survey of India (GSI) / NGDR/Bhu-Chayan; NUID 49367,20260724162936.935_CR_Final_Report_49367_2024_25_JBP.pdf,49367,121
ME/JBP/2024/BRS_71/49367,79.648,21.695,1182.0,1357.0,1356.0,2920.0,2963.0,2110.0,0.3657623827457428,-0.007309196051210165,1.1472080945968628,1.4042654037475586,11.52,1,authoritative_manganese_positive,BRS,Mineralization is associated with granular pink color material,Geological Survey of India (GSI) / NGDR/Bhu-Chayan; NUID 49367,20260724162936.935_CR_Final_Report_49367_2024_25_JBP.pdf,49367,121
ME/JBP/2024/BRS_72/49367,79.649,21.695,1215.0,1379.0,1369.0,2828.0,2773.0,2003.0,0.34762924909591675,0.009819675236940384,1.1267489194869995,1.3844233751296997,9.66,1,authoritative_manganese_positive,BRS,"Mineralization associated with quartz, garnet nad pink color material",Geological Survey of India (GSI) / NGDR/Bhu-Chayan; NUID 49367,20260724162936.935_CR_Final_Report_49367_2024_25_JBP.pdf,49367,121
ME/JBP/2024/BRS_73/49367,79.647,21.696,1251.0,1399.0,1440.0,2730.0,3037.0,2188.0,0.3093525171279907,-0.05323391780257225,1.1510791778564453,1.3880256414413452,10.25,1,authoritative_manganese_positive,BRS,Mineralization is intermixed with quartz,Geological Survey of India (GSI) / NGDR/Bhu-Chayan; NUID 49367,20260724162936.935_CR_Final_Report_49367_2024_25_JBP.pdf,49367,121
ME/JBP/2024/BRS_74/49367,79.65,21.674,1406.0,1567.0,1823.0,3001.0,3577.0,2747.0,0.24419568479061127,-0.0875646099448204,1.296586036682129,1.3021477460861206,13.71,1,authoritative_manganese_positive,BRS,Mineralization associated with pink color fine grained clastic rock,Geological Survey of India (GSI) / NGDR/Bhu-Chayan; NUID 49367,20260724162936.935_CR_Final_Report_49367_2024_25_JBP.pdf,49367,121
ME/JBP/2024/BRS_75/49367,79.7,21.712,1458.0,1701.0,1859.0,3408.0,3671.0,2693.0,0.29409530758857727,-0.03715214133262634,1.2750343084335327,1.363163709640503,0.51,1,authoritative_manganese_positive,BRS,Mineralization associated with schist hosted garnet bearing quartzoes rock,Geological Survey of India (GSI) / NGDR/Bhu-Chayan; NUID 49367,20260724162936.935_CR_Final_Report_49367_2024_25_JBP.pdf,49367,121
ME/JBP/2024/BRS_76/49367,79.641,21.674,1303.0,1489.0,1552.0,2867.0,3305.0,2379.0,0.2975786328315735,-0.07096564769744873,1.1910974979400635,1.3892391920089722,4.27,1,authoritative_manganese_positive,BRS,Mineralization is with quartz,Geological Survey of India (GSI) / NGDR/Bhu-Chayan; NUID 49367,20260724162936.935_CR_Final_Report_49367_2024_25_JBP.pdf,49367,121
ME/JBP/2024/BRS_77/49367,79.701,21.717,1495.0,1665.0,1918.0,3155.0,4018.0,2980.0,0.24383993446826935,-0.12031228095293045,1.2829431295394897,1.3483221530914307,33.09,1,authoritative_manganese_positive,BRS,Mineralization associated with quartz vein,Geological Survey of India (GSI) / NGDR/Bhu-Chayan; NUID 49367,20260724162936.935_CR_Final_Report_49367_2024_25_JBP.pdf,49367,121
ME/JBP/2024/BRS_78/49367,79.703,21.71,1292.0,1468.0,1534.0,2894.0,3075.0,2204.0,0.3071364164352417,-0.030323337763547897,1.187306523323059,1.3951905965805054,18.18,1,authoritative_manganese_positive,BRS,Mineralization is intermixed with quartz vein,Geological Survey of India (GSI) / NGDR/Bhu-Chayan; NUID 49367,20260724162936.935_CR_Final_Report_49367_2024_25_JBP.pdf,49367,121
ME/JBP/2024/BRS_79/49367,79.7,21.716,1243.0,1469.0,1462.0,2942.0,2835.0,2039.0,0.3360581398010254,0.01852172426879406,1.1761866807937622,1.3903874158859253,13.82,1,authoritative_manganese_positive,BRS,Mineralization is intermixed with quartz,Geological Survey of India (GSI) / NGDR/Bhu-Chayan; NUID 49367,20260724162936.935_CR_Final_Report_49367_2024_25_JBP.pdf,49367,121
ME/JBP/2024/BRS_80/49367,79.655,21.706,1860.0,2155.0,2628.0,3824.0,4849.0,4080.0,0.1853688806295395,-0.11818286776542664,1.4129031896591187,1.1884803771972656,8.51,1,authoritative_manganese_positive,BRS,Mineralization associated with quartz vein hosted in Quartz mica schist,Geological Survey of India (GSI) / NGDR/Bhu-Chayan; NUID 49367,20260724162936.935_CR_Final_Report_49367_2024_25_JBP.pdf,49367,121
ME/JBP/2024/BRS_81/49367,79.65,21.687,1190.0,1347.0,1333.0,2803.0,2694.0,1916.0,0.35541585087776184,0.019828997552394867,1.1201680898666382,1.4060542583465576,0.65,1,authoritative_manganese_positive,BRS,"Mineralization is asociated with garnet, quartz and greenish color material",Geological Survey of India (GSI) / NGDR/Bhu-Chayan; NUID 49367,20260724162936.935_CR_Final_Report_49367_2024_25_JBP.pdf,49367,121
ME/JBP/2024/BRS_82/49367,79.651,21.689,1272.0,1413.0,1460.0,2655.0,2990.0,2223.0,0.29040098190307617,-0.05934455245733261,1.147798776626587,1.3450292348861694,21.78,1,authoritative_manganese_positive,BRS,Mineralization associated with garnet and quartz,Geological Survey of India (GSI) / NGDR/Bhu-Chayan; NUID 49367,20260724162936.935_CR_Final_Report_49367_2024_25_JBP.pdf,49367,121
ME/JBP/2024/BRS_83/49367,79.651,21.689,1272.0,1413.0,1460.0,2655.0,2990.0,2223.0,0.29040098190307617,-0.05934455245733261,1.147798776626587,1.3450292348861694,12.48,1,authoritative_manganese_positive,BRS,"Mineralization associated with garnet, quartz and yellow colr material",Geological Survey of India (GSI) / NGDR/Bhu-Chayan; NUID 49367,20260724162936.935_CR_Final_Report_49367_2024_25_JBP.pdf,49367,121
ME/JBP/2024/BRS_84/49367,79.651,21.689,1272.0,1413.0,1460.0,2655.0,2990.0,2223.0,0.29040098190307617,-0.05934455245733261,1.147798776626587,1.3450292348861694,14.58,1,authoritative_manganese_positive,BRS,Mineralization associated with granular intermixed with quartz and reddish pink color maetrial,Geological Survey of India (GSI) / NGDR/Bhu-Chayan; NUID 49367,20260724162936.935_CR_Final_Report_49367_2024_25_JBP.pdf,49367,121
ME/JBP/2024/BRS_85/49367,79.651,21.689,1272.0,1413.0,1460.0,2655.0,2990.0,2223.0,0.29040098190307617,-0.05934455245733261,1.147798776626587,1.3450292348861694,14.68,1,authoritative_manganese_positive,BRS,Mineralization associated with granular intermixed with quartz,Geological Survey of India (GSI) / NGDR/Bhu-Chayan; NUID 49367,20260724162936.935_CR_Final_Report_49367_2024_25_JBP.pdf,49367,121
ME/JBP/2024/BRS_86/49367,79.651,21.689,1272.0,1413.0,1460.0,2655.0,2990.0,2223.0,0.29040098190307617,-0.05934455245733261,1.147798776626587,1.3450292348861694,21.53,1,authoritative_manganese_positive,BRS,Mineralization associated with granular intermixed with quartz,Geological Survey of India (GSI) / NGDR/Bhu-Chayan; NUID 49367,20260724162936.935_CR_Final_Report_49367_2024_25_JBP.pdf,49367,121
ME/JBP/2024/BRS_87/49367,79.652,21.689,1247.0,1387.0,1389.0,2858.0,2814.0,2062.0,0.34589120745658875,0.0077574048191308975,1.1138732433319092,1.3646944761276245,22.8,1,authoritative_manganese_positive,BRS,Mineralization associated with garnet rich pink to reddish granular rock,Geological Survey of India (GSI) / NGDR/Bhu-Chayan; NUID 49367,20260724162936.935_CR_Final_Report_49367_2024_25_JBP.pdf,49367,121
ME/JBP/2024/BRS_88/49367,79.654,21.689,1226.0,1421.0,1412.0,2900.0,2822.0,2059.0,0.34508347511291504,0.01363159716129303,1.1517128944396973,1.3705682754516602,25.68,1,authoritative_manganese_positive,BRS,Mineralization is intermixed with quartz and pink color maetrial,Geological Survey of India (GSI) / NGDR/Bhu-Chayan; NUID 49367,20260724162936.935_CR_Final_Report_49367_2024_25_JBP.pdf,49367,121
ME/JBP/2024/BRS_89/49367,79.657,21.69,1624.0,1861.0,2253.0,3495.0,4415.0,3402.0,0.21607515215873718,-0.11630847305059433,1.387315273284912,1.2977659702301025,21.88,1,authoritative_manganese_positive,BRS,"Mineralization is dark color, heavy and granular in nature",Geological Survey of India (GSI) / NGDR/Bhu-Chayan; NUID 49367,20260724162936.935_CR_Final_Report_49367_2024_25_JBP.pdf,49367,121
ME/JBP/2024/BRS_90/49367,79.662,21.691,1465.0,1680.0,1855.0,3190.0,3648.0,2767.0,0.2646184265613556,-0.06697864830493927,1.2662116289138794,1.3183953762054443,32.24,1,authoritative_manganese_positive,BRS,Mineralization is intermixed with quartz,Geological Survey of India (GSI) / NGDR/Bhu-Chayan; NUID 49367,20260724162936.935_CR_Final_Report_49367_2024_25_JBP.pdf,49367,122
ME/JBP/2024/BRS_91/49367,79.635,21.696,1241.0,1384.0,1394.0,3026.0,2796.0,1980.0,0.3692307770252228,0.03950532525777817,1.1232876777648926,1.4121211767196655,1.54,1,authoritative_manganese_positive,BRS,Mineralization is suspected to have in lateritic capping over schistose rock,Geological Survey of India (GSI) / NGDR/Bhu-Chayan; NUID 49367,20260724162936.935_CR_Final_Report_49367_2024_25_JBP.pdf,49367,122
ME/JBP/2024/BRS_92/49367,79.648,21.688,1208.0,1333.0,1355.0,2612.0,2829.0,2056.0,0.31686413288116455,-0.03988237306475639,1.121688723564148,1.3759727478027344,9.87,1,authoritative_manganese_positive,BRS,"Mineralization is intermixed with quartz , dark to light pinkish color material",Geological Survey of India (GSI) / NGDR/Bhu-Chayan; NUID 49367,20260724162936.935_CR_Final_Report_49367_2024_25_JBP.pdf,49367,122
ME/JBP/2024/BRS_93/49367,79.649,21.688,1322.0,1556.0,1634.0,3082.0,3387.0,2440.0,0.30703985691070557,-0.04714793711900711,1.2360060214996338,1.3881148099899292,42.74,1,authoritative_manganese_positive,BRS,Mineralization associated with garnet bearing quartzofeldspathic material,Geological Survey of India (GSI) / NGDR/Bhu-Chayan; NUID 49367,20260724162936.935_CR_Final_Report_49367_2024_25_JBP.pdf,49367,122
ME/JBP/2024/BRS_94/49367,79.643,21.698,1249.0,1408.0,1388.0,3052.0,2748.0,1993.0,0.3747747838497162,0.05241379141807556,1.1112890243530273,1.3788259029388428,24.17,1,authoritative_manganese_positive,BRS,"Mineralization is intermixed with quartz , dark to light pinkish color material",Geological Survey of India (GSI) / NGDR/Bhu-Chayan; NUID 49367,20260724162936.935_CR_Final_Report_49367_2024_25_JBP.pdf,49367,122
ME/JBP/2024/BRS_95/49367,79.691,21.682,1285.0,1512.0,1556.0,3084.0,3276.0,2471.0,0.3293103575706482,-0.030188679695129395,1.2108949422836304,1.3257790803909302,28.61,1,authoritative_manganese_positive,BRS,Mineralization is intermixed with quartz and yellowish material,Geological Survey of India (GSI) / NGDR/Bhu-Chayan; NUID 49367,20260724162936.935_CR_Final_Report_49367_2024_25_JBP.pdf,49367,122
ME/JBP/2024/BRS_96/49367,79.684,21.685,1343.0,1481.0,1667.0,2631.0,3615.0,2765.0,0.2242903709411621,-0.15754082798957825,1.2412508726119995,1.3074140548706055,17.48,1,authoritative_manganese_positive,BRS,Mineralization is associated with quartz and yellow color material,Geological Survey of India (GSI) / NGDR/Bhu-Chayan; NUID 49367,20260724162936.935_CR_Final_Report_49367_2024_25_JBP.pdf,49367,122
ME/JBP/2024/BRS_97/49367,79.715,21.736,1831.0,2242.0,2711.0,3813.0,4857.0,3950.0,0.1689147800207138,-0.12041522562503815,1.4806116819381714,1.2296202182769775,1.47,1,authoritative_manganese_positive,BRS,Mineralization is suspected to have in lateritic capping over schistose rock,Geological Survey of India (GSI) / NGDR/Bhu-Chayan; NUID 49367,20260724162936.935_CR_Final_Report_49367_2024_25_JBP.pdf,49367,122
ME/JBP/2024/BRS_98/49367,79.644,21.672,1298.0,1475.0,1537.0,3019.0,3113.0,2242.0,0.3252853453159332,-0.015329419635236263,1.1841294765472412,1.388492465019226,2.07,1,authoritative_manganese_positive,BRS,Mineralization is suspected to have in assocition with amphibolite rock,Geological Survey of India (GSI) / NGDR/Bhu-Chayan; NUID 49367,20260724162936.935_CR_Final_Report_49367_2024_25_JBP.pdf,49367,122
ME/JBP/2024/BRS_99/49367,79.639,21.668,1272.0,1511.0,1542.0,2934.0,3163.0,2274.0,0.31099194288253784,-0.03755945712327957,1.2122641801834106,1.3909410238265991,14.56,1,authoritative_manganese_positive,BRS,Mineralization is associated with quartz,Geological Survey of India (GSI) / NGDR/Bhu-Chayan; NUID 49367,20260724162936.935_CR_Final_Report_49367_2024_25_JBP.pdf,49367,122
ME/JBP/2024/BRS_100/49367,79.672,21.679,1319.0,1468.0,1517.0,2684.0,3453.0,2543.0,0.27779099345207214,-0.12530551850795746,1.1501137018203735,1.3578450679779053,27.15,1,authoritative_manganese_positive,BRS,Mineralization associated with quartz,Geological Survey of India (GSI) / NGDR/Bhu-Chayan; NUID 49367,20260724162936.935_CR_Final_Report_49367_2024_25_JBP.pdf,49367,122
ME/JBP/2024/PTS_01/49367,79.641,21.674,1303.0,1489.0,1552.0,2867.0,3305.0,2379.0,0.2975786328315735,-0.07096564769744873,1.1910974979400635,1.3892391920089722,2.69,1,authoritative_manganese_positive,PTS,Mineralization associated with quartz vein,Geological Survey of India (GSI) / NGDR/Bhu-Chayan; NUID 49367,20260724162936.935_CR_Final_Report_49367_2024_25_JBP.pdf,49367,123
ME/JBP/2024/PTS_02/49367,79.641,21.674,1303.0,1489.0,1552.0,2867.0,3305.0,2379.0,0.2975786328315735,-0.07096564769744873,1.1910974979400635,1.3892391920089722,5.93,1,authoritative_manganese_positive,PTS,Mineralization associated with quartz vein,Geological Survey of India (GSI) / NGDR/Bhu-Chayan; NUID 49367,20260724162936.935_CR_Final_Report_49367_2024_25_JBP.pdf,49367,123
ME/JBP/2024/PTS_03/49367,79.641,21.674,1303.0,1489.0,1552.0,2867.0,3305.0,2379.0,0.2975786328315735,-0.07096564769744873,1.1910974979400635,1.3892391920089722,1.97,1,authoritative_manganese_positive,PTS,Mineralization in the form of fragments with country rock,Geological Survey of India (GSI) / NGDR/Bhu-Chayan; NUID 49367,20260724162936.935_CR_Final_Report_49367_2024_25_JBP.pdf,49367,123
ME/JBP/2024/PTS_04/49367,79.641,21.674,1303.0,1489.0,1552.0,2867.0,3305.0,2379.0,0.2975786328315735,-0.07096564769744873,1.1910974979400635,1.3892391920089722,3.18,1,authoritative_manganese_positive,PTS,Mineralization in thin bands with country rock,Geological Survey of India (GSI) / NGDR/Bhu-Chayan; NUID 49367,20260724162936.935_CR_Final_Report_49367_2024_25_JBP.pdf,49367,123
ME/JBP/2024/PTS_05/49367,79.644,21.674,1261.0,1424.0,1487.0,2563.0,3142.0,2348.0,0.2656790018081665,-0.10148992389440536,1.179222822189331,1.3381601572036743,0.38,1,authoritative_manganese_positive,PTS,Schistose rock,Geological Survey of India (GSI) / NGDR/Bhu-Chayan; NUID 49367,20260724162936.935_CR_Final_Report_49367_2024_25_JBP.pdf,49367,123
ME/JBP/2024/PTS_06/49367,79.644,21.674,1261.0,1424.0,1487.0,2563.0,3142.0,2348.0,0.2656790018081665,-0.10148992389440536,1.179222822189331,1.3381601572036743,8.17,1,authoritative_manganese_positive,PTS,Minearlization with quartz vein,Geological Survey of India (GSI) / NGDR/Bhu-Chayan; NUID 49367,20260724162936.935_CR_Final_Report_49367_2024_25_JBP.pdf,49367,123
ME/JBP/2024/PTS_07/49367,79.644,21.674,1261.0,1424.0,1487.0,2563.0,3142.0,2348.0,0.2656790018081665,-0.10148992389440536,1.179222822189331,1.3381601572036743,27.7,1,authoritative_manganese_positive,PTS,Mineralization associated with pegmatite veins and schist,Geological Survey of India (GSI) / NGDR/Bhu-Chayan; NUID 49367,20260724162936.935_CR_Final_Report_49367_2024_25_JBP.pdf,49367,123
ME/JBP/2024/PTS_08/49367,79.644,21.674,1261.0,1424.0,1487.0,2563.0,3142.0,2348.0,0.2656790018081665,-0.10148992389440536,1.179222822189331,1.3381601572036743,12.43,1,authoritative_manganese_positive,PTS,Pegmatite vein in schist,Geological Survey of India (GSI) / NGDR/Bhu-Chayan; NUID 49367,20260724162936.935_CR_Final_Report_49367_2024_25_JBP.pdf,49367,123
ME/JBP/2024/PTS_09/49367,79.638,21.666,1205.0,1393.0,1355.0,2786.0,2897.0,2096.0,0.3455687165260315,-0.019531937316060066,1.1244813203811646,1.382156491279602,0.62,1,authoritative_manganese_positive,PTS,Mineralization associated with quartz and garnet and some ferro-genous material,Geological Survey of India (GSI) / NGDR/Bhu-Chayan; NUID 49367,20260724162936.935_CR_Final_Report_49367_2024_25_JBP.pdf,49367,123
ME/JBP/2024/PTS_10/49367,79.638,21.666,1205.0,1393.0,1355.0,2786.0,2897.0,2096.0,0.3455687165260315,-0.019531937316060066,1.1244813203811646,1.382156491279602,1.71,1,authoritative_manganese_positive,PTS,Mineralization associated with quartz and yellow colour material,Geological Survey of India (GSI) / NGDR/Bhu-Chayan; NUID 49367,20260724162936.935_CR_Final_Report_49367_2024_25_JBP.pdf,49367,123
ME/JBP/2024/PTS_11/49367,79.638,21.666,1205.0,1393.0,1355.0,2786.0,2897.0,2096.0,0.3455687165260315,-0.019531937316060066,1.1244813203811646,1.382156491279602,4.55,1,authoritative_manganese_positive,PTS,Mineralization associated with garnet bearing quartz and dark colour material,Geological Survey of India (GSI) / NGDR/Bhu-Chayan; NUID 49367,20260724162936.935_CR_Final_Report_49367_2024_25_JBP.pdf,49367,123
ME/JBP/2024/PTS_12/49367,79.638,21.666,1205.0,1393.0,1355.0,2786.0,2897.0,2096.0,0.3455687165260315,-0.019531937316060066,1.1244813203811646,1.382156491279602,8.19,1,authoritative_manganese_positive,PTS,Mineralization with quartz,Geological Survey of India (GSI) / NGDR/Bhu-Chayan; NUID 49367,20260724162936.935_CR_Final_Report_49367_2024_25_JBP.pdf,49367,123
ME/JBP/2024/PTS_13/49367,79.638,21.666,1205.0,1393.0,1355.0,2786.0,2897.0,2096.0,0.3455687165260315,-0.019531937316060066,1.1244813203811646,1.382156491279602,1.49,1,authoritative_manganese_positive,PTS,Mineralization as small lens intermixed with schist,Geological Survey of India (GSI) / NGDR/Bhu-Chayan; NUID 49367,20260724162936.935_CR_Final_Report_49367_2024_25_JBP.pdf,49367,123
ME/JBP/2024/PTS_14/49367,79.638,21.666,1205.0,1393.0,1355.0,2786.0,2897.0,2096.0,0.3455687165260315,-0.019531937316060066,1.1244813203811646,1.382156491279602,2.45,1,authoritative_manganese_positive,PTS,Mineralization as small lens intermixed with schist,Geological Survey of India (GSI) / NGDR/Bhu-Chayan; NUID 49367,20260724162936.935_CR_Final_Report_49367_2024_25_JBP.pdf,49367,123
ME/JBP/2024/PTS_15/49367,79.635,21.665,1350.0,1538.0,1661.0,2857.0,3518.0,2635.0,0.2647188901901245,-0.10368627309799194,1.2303704023361206,1.3351043462753296,15.69,1,authoritative_manganese_positive,PTS,Mineralization associated with quartzose rock,Geological Survey of India (GSI) / NGDR/Bhu-Chayan; NUID 49367,20260724162936.935_CR_Final_Report_49367_2024_25_JBP.pdf,49367,123
ME/JBP/2024/PTS_16/49367,79.635,21.665,1350.0,1538.0,1661.0,2857.0,3518.0,2635.0,0.2647188901901245,-0.10368627309799194,1.2303704023361206,1.3351043462753296,13.5,1,authoritative_manganese_positive,PTS,Mineralization intermixed with schistose rock,Geological Survey of India (GSI) / NGDR/Bhu-Chayan; NUID 49367,20260724162936.935_CR_Final_Report_49367_2024_25_JBP.pdf,49367,123
ME/JBP/2024/PTS_17/49367,79.632,21.666,1219.0,1360.0,1408.0,2822.0,3113.0,2302.0,0.33427897095680237,-0.04903117194771767,1.1550451517105103,1.3523023128509521,41.7,1,authoritative_manganese_positive,PTS,Mineralization is associated with quartz and pink color feldspathic material,Geological Survey of India (GSI) / NGDR/Bhu-Chayan; NUID 49367,20260724162936.935_CR_Final_Report_49367_2024_25_JBP.pdf,49367,123
ME/JBP/2024/PTS_18/49367,79.632,21.666,1219.0,1360.0,1408.0,2822.0,3113.0,2302.0,0.33427897095680237,-0.04903117194771767,1.1550451517105103,1.3523023128509521,28.79,1,authoritative_manganese_positive,PTS,Mineralization is associated with quartz and pink color feldspathic material,Geological Survey of India (GSI) / NGDR/Bhu-Chayan; NUID 49367,20260724162936.935_CR_Final_Report_49367_2024_25_JBP.pdf,49367,123
ME/JBP/2024/PTS_19/49367,79.632,21.665,1235.0,1385.0,1448.0,2828.0,3030.0,2195.0,0.32273152470588684,-0.03448275849223137,1.1724696159362793,1.380410075187683,26.15,1,authoritative_manganese_positive,PTS,Mineralization seen in fragments with granitic rock,Geological Survey of India (GSI) / NGDR/Bhu-Chayan; NUID 49367,20260724162936.935_CR_Final_Report_49367_2024_25_JBP.pdf,49367,123
ME/JBP/2024/PTS_20/49367,79.632,21.665,1235.0,1385.0,1448.0,2828.0,3030.0,2195.0,0.32273152470588684,-0.03448275849223137,1.1724696159362793,1.380410075187683,25.7,1,authoritative_manganese_positive,PTS,Mineralization with quartz and yellowish material,Geological Survey of India (GSI) / NGDR/Bhu-Chayan; NUID 49367,20260724162936.935_CR_Final_Report_49367_2024_25_JBP.pdf,49367,123
ME/JBP/2024/PTS_21/49367,79.632,21.665,1235.0,1385.0,1448.0,2828.0,3030.0,2195.0,0.32273152470588684,-0.03448275849223137,1.1724696159362793,1.380410075187683,50.37,1,authoritative_manganese_positive,PTS,"Mineralization with dark color material granular in nature, with pink color rock",Geological Survey of India (GSI) / NGDR/Bhu-Chayan; NUID 49367,20260724162936.935_CR_Final_Report_49367_2024_25_JBP.pdf,49367,123
ME/JBP/2024/PTS_22/49367,79.659,21.693,1240.0,1433.0,1455.0,3187.0,2961.0,2111.0,0.37311503291130066,0.03675992041826248,1.173387050628662,1.4026527404785156,33.71,1,authoritative_manganese_positive,PTS,"Mineralization with quartz, garnet and dark color rock",Geological Survey of India (GSI) / NGDR/Bhu-Chayan; NUID 49367,20260724162936.935_CR_Final_Report_49367_2024_25_JBP.pdf,49367,123
ME/JBP/2024/PTS_23/49367,79.659,21.693,1240.0,1433.0,1455.0,3187.0,2961.0,2111.0,0.37311503291130066,0.03675992041826248,1.173387050628662,1.4026527404785156,12.19,1,authoritative_manganese_positive,PTS,Mineralization with quartz and yellowish material,Geological Survey of India (GSI) / NGDR/Bhu-Chayan; NUID 49367,20260724162936.935_CR_Final_Report_49367_2024_25_JBP.pdf,49367,123
ME/JBP/2024/PTS_24/49367,79.659,21.693,1240.0,1433.0,1455.0,3187.0,2961.0,2111.0,0.37311503291130066,0.03675992041826248,1.173387050628662,1.4026527404785156,6.89,1,authoritative_manganese_positive,PTS,Mineralization intermixed with schistose rock,Geological Survey of India (GSI) / NGDR/Bhu-Chayan; NUID 49367,20260724162936.935_CR_Final_Report_49367_2024_25_JBP.pdf,49367,123
ME/JBP/2024/PTS_25/49367,79.659,21.693,1240.0,1433.0,1455.0,3187.0,2961.0,2111.0,0.37311503291130066,0.03675992041826248,1.173387050628662,1.4026527404785156,9.72,1,authoritative_manganese_positive,PTS,Manganese with quartz,Geological Survey of India (GSI) / NGDR/Bhu-Chayan; NUID 49367,20260724162936.935_CR_Final_Report_49367_2024_25_JBP.pdf,49367,123
ME/JBP/2024/PTS_26/49367,79.659,21.693,1240.0,1433.0,1455.0,3187.0,2961.0,2111.0,0.37311503291130066,0.03675992041826248,1.173387050628662,1.4026527404785156,1.98,1,authoritative_manganese_positive,PTS,Mineralization intermixed with schistose rock,Geological Survey of India (GSI) / NGDR/Bhu-Chayan; NUID 49367,20260724162936.935_CR_Final_Report_49367_2024_25_JBP.pdf,49367,124
ME/JBP/2024/PTS_27/49367,79.672,21.68,1352.0,1549.0,1723.0,2622.0,3858.0,2950.0,0.20690448582172394,-0.19074073433876038,1.2744083404541016,1.307796597480774,0.23,1,authoritative_manganese_positive,PTS,Mineralization with quartz with in weathered granitic rock.,Geological Survey of India (GSI) / NGDR/Bhu-Chayan; NUID 49367,20260724162936.935_CR_Final_Report_49367_2024_25_JBP.pdf,49367,124
ME/JBP/2024/PTS_28/49367,79.703,21.708,1292.0,1481.0,1590.0,2962.0,3094.0,2294.0,0.30140596628189087,-0.021796565502882004,1.2306501865386963,1.3487358093261719,6.79,1,authoritative_manganese_positive,PTS,Mineralization with quartz vein in schistose rock,Geological Survey of India (GSI) / NGDR/Bhu-Chayan; NUID 49367,20260724162936.935_CR_Final_Report_49367_2024_25_JBP.pdf,49367,124
ME/JBP/2024/PTS_29/49367,79.703,21.708,1292.0,1481.0,1590.0,2962.0,3094.0,2294.0,0.30140596628189087,-0.021796565502882004,1.2306501865386963,1.3487358093261719,9.66,1,authoritative_manganese_positive,PTS,Mineralization with quartz vein in schistose rock,Geological Survey of India (GSI) / NGDR/Bhu-Chayan; NUID 49367,20260724162936.935_CR_Final_Report_49367_2024_25_JBP.pdf,49367,124
ME/JBP/2024/PTS_30/49367,79.703,21.708,1292.0,1481.0,1590.0,2962.0,3094.0,2294.0,0.30140596628189087,-0.021796565502882004,1.2306501865386963,1.3487358093261719,9.8,1,authoritative_manganese_positive,PTS,Mineralization with quartz vein and pegmatite,Geological Survey of India (GSI) / NGDR/Bhu-Chayan; NUID 49367,20260724162936.935_CR_Final_Report_49367_2024_25_JBP.pdf,49367,124
ME/JBP/2024/PTS_31/49367,79.648,21.687,1187.0,1379.0,1317.0,2888.0,2712.0,1937.0,0.37360286712646484,0.03142857179045677,1.1095198392868042,1.400103211402893,30.85,1,authoritative_manganese_positive,PTS,Mineralization with garnet and quartz vein in granular nature,Geological Survey of India (GSI) / NGDR/Bhu-Chayan; NUID 49367,20260724162936.935_CR_Final_Report_49367_2024_25_JBP.pdf,49367,124
ME/JBP/2024/PTS_32/49367,79.648,21.687,1187.0,1379.0,1317.0,2888.0,2712.0,1937.0,0.37360286712646484,0.03142857179045677,1.1095198392868042,1.400103211402893,18.66,1,authoritative_manganese_positive,PTS,Mineralization with garnet and quartz vein in granular nature,Geological Survey of India (GSI) / NGDR/Bhu-Chayan; NUID 49367,20260724162936.935_CR_Final_Report_49367_2024_25_JBP.pdf,49367,124
ME/JBP/2024/PTS_33/49367,79.648,21.687,1187.0,1379.0,1317.0,2888.0,2712.0,1937.0,0.37360286712646484,0.03142857179045677,1.1095198392868042,1.400103211402893,25.33,1,authoritative_manganese_positive,PTS,Mineralization with garnet and quartz vein in granular nature,Geological Survey of India (GSI) / NGDR/Bhu-Chayan; NUID 49367,20260724162936.935_CR_Final_Report_49367_2024_25_JBP.pdf,49367,124
ME/JBP/2024/PTS_34/49367,79.648,21.687,1187.0,1379.0,1317.0,2888.0,2712.0,1937.0,0.37360286712646484,0.03142857179045677,1.1095198392868042,1.400103211402893,24.88,1,authoritative_manganese_positive,PTS,Mineralization with garnet and quartz vein in granular nature,Geological Survey of India (GSI) / NGDR/Bhu-Chayan; NUID 49367,20260724162936.935_CR_Final_Report_49367_2024_25_JBP.pdf,49367,124
ME/JBP/2024/PTS_35/49367,79.648,21.687,1187.0,1379.0,1317.0,2888.0,2712.0,1937.0,0.37360286712646484,0.03142857179045677,1.1095198392868042,1.400103211402893,31.96,1,authoritative_manganese_positive,PTS,Mineralization with garnet and quartz vein in granular nature,Geological Survey of India (GSI) / NGDR/Bhu-Chayan; NUID 49367,20260724162936.935_CR_Final_Report_49367_2024_25_JBP.pdf,49367,124
ME/JBP/2024/PTS_36/49367,79.635,21.697,1321.0,1472.0,1533.0,2915.0,3020.0,2212.0,0.3107014298439026,-0.017691658809781075,1.1604844331741333,1.365280270576477,31.46,1,authoritative_manganese_positive,PTS,Mineralization intermixed with quartz and reddish and yellowish material,Geological Survey of India (GSI) / NGDR/Bhu-Chayan; NUID 49367,20260724162936.935_CR_Final_Report_49367_2024_25_JBP.pdf,49367,124
ME/JBP/2024/PTS_37/49367,79.635,21.697,1321.0,1472.0,1533.0,2915.0,3020.0,2212.0,0.3107014298439026,-0.017691658809781075,1.1604844331741333,1.365280270576477,25.42,1,authoritative_manganese_positive,PTS,Mineralization intermixed with quartz and reddish and yellowish material,Geological Survey of India (GSI) / NGDR/Bhu-Chayan; NUID 49367,20260724162936.935_CR_Final_Report_49367_2024_25_JBP.pdf,49367,124
ME/JBP/2024/PTS_38/49367,79.635,21.697,1321.0,1472.0,1533.0,2915.0,3020.0,2212.0,0.3107014298439026,-0.017691658809781075,1.1604844331741333,1.365280270576477,36.74,1,authoritative_manganese_positive,PTS,Mineralization intermixed with quartz and reddish and yellowish material,Geological Survey of India (GSI) / NGDR/Bhu-Chayan; NUID 49367,20260724162936.935_CR_Final_Report_49367_2024_25_JBP.pdf,49367,124
ME/JBP/2024/PTS_39/49367,79.635,21.697,1321.0,1472.0,1533.0,2915.0,3020.0,2212.0,0.3107014298439026,-0.017691658809781075,1.1604844331741333,1.365280270576477,29.84,1,authoritative_manganese_positive,PTS,Mineralization intermixed with quartz and reddish and yellowish material,Geological Survey of India (GSI) / NGDR/Bhu-Chayan; NUID 49367,20260724162936.935_CR_Final_Report_49367_2024_25_JBP.pdf,49367,124
ME/JBP/2024/PTS_40/49367,79.635,21.697,1321.0,1472.0,1533.0,2915.0,3020.0,2212.0,0.3107014298439026,-0.017691658809781075,1.1604844331741333,1.365280270576477,18.1,1,authoritative_manganese_positive,PTS,Matelic lusture heavy inter mixed with quartz and garnet,Geological Survey of India (GSI) / NGDR/Bhu-Chayan; NUID 49367,20260724162936.935_CR_Final_Report_49367_2024_25_JBP.pdf,49367,124
ME/JBP/2024/PTS_41/49367,79.635,21.697,1321.0,1472.0,1533.0,2915.0,3020.0,2212.0,0.3107014298439026,-0.017691658809781075,1.1604844331741333,1.365280270576477,17.36,1,authoritative_manganese_positive,PTS,Mineralization with pinkish color rock intruded by pegatite,Geological Survey of India (GSI) / NGDR/Bhu-Chayan; NUID 49367,20260724162936.935_CR_Final_Report_49367_2024_25_JBP.pdf,49367,124
ME/JBP/2024/PTS_42/49367,79.657,21.689,1407.0,1607.0,1816.0,3039.0,3823.0,2826.0,0.25190526247024536,-0.11425240337848663,1.290689468383789,1.3527954816818237,10.05,1,authoritative_manganese_positive,PTS,Mineralization intermixed with quartz and yellowish material,Geological Survey of India (GSI) / NGDR/Bhu-Chayan; NUID 49367,20260724162936.935_CR_Final_Report_49367_2024_25_JBP.pdf,49367,124
ME/JBP/2024/PTS_43/49367,79.657,21.689,1407.0,1607.0,1816.0,3039.0,3823.0,2826.0,0.25190526247024536,-0.11425240337848663,1.290689468383789,1.3527954816818237,11.27,1,authoritative_manganese_positive,PTS,Mineralization is heavy granular mixed with quartz and garnet,Geological Survey of India (GSI) / NGDR/Bhu-Chayan; NUID 49367,20260724162936.935_CR_Final_Report_49367_2024_25_JBP.pdf,49367,124
ME/JBP/2024/PTS_44/49367,79.657,21.689,1407.0,1607.0,1816.0,3039.0,3823.0,2826.0,0.25190526247024536,-0.11425240337848663,1.290689468383789,1.3527954816818237,11.92,1,authoritative_manganese_positive,PTS,Granular in nature intermixed with quartz,Geological Survey of India (GSI) / NGDR/Bhu-Chayan; NUID 49367,20260724162936.935_CR_Final_Report_49367_2024_25_JBP.pdf,49367,124
ME/JBP/2024/PTS_45/49367,79.657,21.689,1407.0,1607.0,1816.0,3039.0,3823.0,2826.0,0.25190526247024536,-0.11425240337848663,1.290689468383789,1.3527954816818237,5.46,1,authoritative_manganese_positive,PTS,Granular in nature intermixed with quartz and pinkish material,Geological Survey of India (GSI) / NGDR/Bhu-Chayan; NUID 49367,20260724162936.935_CR_Final_Report_49367_2024_25_JBP.pdf,49367,124
ME/JBP/2024/PTS_46/49367,79.657,21.689,1407.0,1607.0,1816.0,3039.0,3823.0,2826.0,0.25190526247024536,-0.11425240337848663,1.290689468383789,1.3527954816818237,26.08,1,authoritative_manganese_positive,PTS,Granular in nature intermixed with quartz and pinkish material,Geological Survey of India (GSI) / NGDR/Bhu-Chayan; NUID 49367,20260724162936.935_CR_Final_Report_49367_2024_25_JBP.pdf,49367,124
ME/JBP/2024/PTS_47/49367,79.691,21.684,1216.0,1364.0,1357.0,2807.0,2988.0,2154.0,0.34822285175323486,-0.03123382292687893,1.1159539222717285,1.3871866464614868,13.2,1,authoritative_manganese_positive,PTS,Mineralization with dark color material in schistose rock with Mn ore debries,Geological Survey of India (GSI) / NGDR/Bhu-Chayan; NUID 49367,20260724162936.935_CR_Final_Report_49367_2024_25_JBP.pdf,49367,124
ME/JBP/2024/PTS_48/49367,79.691,21.684,1216.0,1364.0,1357.0,2807.0,2988.0,2154.0,0.34822285175323486,-0.03123382292687893,1.1159539222717285,1.3871866464614868,12.04,1,authoritative_manganese_positive,PTS,Mineralization with dark color material in schistose rock with Mn ore debries,Geological Survey of India (GSI) / NGDR/Bhu-Chayan; NUID 49367,20260724162936.935_CR_Final_Report_49367_2024_25_JBP.pdf,49367,124
ME/JBP/2024/PTS_49/49367,79.691,21.684,1216.0,1364.0,1357.0,2807.0,2988.0,2154.0,0.34822285175323486,-0.03123382292687893,1.1159539222717285,1.3871866464614868,2.87,1,authoritative_manganese_positive,PTS,Mineralization with dark color material in schistose rock with Mn ore debries,Geological Survey of India (GSI) / NGDR/Bhu-Chayan; NUID 49367,20260724162936.935_CR_Final_Report_49367_2024_25_JBP.pdf,49367,124
ME/JBP/2024/PTS_50/49367,79.691,21.684,1216.0,1364.0,1357.0,2807.0,2988.0,2154.0,0.34822285175323486,-0.03123382292687893,1.1159539222717285,1.3871866464614868,3.22,1,authoritative_manganese_positive,PTS,Mineralization with dark color material in schistose rock with Mn ore debries,Geological Survey of India (GSI) / NGDR/Bhu-Chayan; NUID 49367,20260724162936.935_CR_Final_Report_49367_2024_25_JBP.pdf,49367,124
ME/JBP/2024/PCS_01/49367,79.636,21.681,1207.0,1302.0,1280.0,2995.0,2568.0,1789.0,0.4011695981025696,0.07675714790821075,1.0604804754257202,1.4354387521743774,3.15,1,authoritative_manganese_positive,PCS,Schistose rock hosting mineralization,Geological Survey of India (GSI) / NGDR/Bhu-Chayan; NUID 49367,20260724162936.935_CR_Final_Report_49367_2024_25_JBP.pdf,49367,125
ME/JBP/2024/PCS_02/49367,79.634,21.681,1173.0,1338.0,1292.0,2928.0,2678.0,1901.0,0.38767772912979126,0.04459507763385773,1.1014492511749268,1.408732295036316,0.34,1,authoritative_manganese_positive,PCS,Biotite gneiss without mineralization,Geological Survey of India (GSI) / NGDR/Bhu-Chayan; NUID 49367,20260724162936.935_CR_Final_Report_49367_2024_25_JBP.pdf,49367,125
ME/JBP/2024/PCS_03/49367,79.646,21.697,1555.0,1819.0,2215.0,3446.0,4206.0,3233.0,0.2174527496099472,-0.0993204414844513,1.4244372844696045,1.3009588718414307,1.37,1,authoritative_manganese_positive,PCS,Mica schist rock hosting mineralization,Geological Survey of India (GSI) / NGDR/Bhu-Chayan; NUID 49367,20260724162936.935_CR_Final_Report_49367_2024_25_JBP.pdf,49367,125
ME/JBP/2024/PCS_05/49367,79.63,21.667,1211.0,1349.0,1355.0,2764.0,2629.0,1951.0,0.34207332134246826,0.025032449513673782,1.1189099550247192,1.3475141525268555,0.53,1,authoritative_manganese_positive,PCS,Garnet bearing quartz mica schist,Geological Survey of India (GSI) / NGDR/Bhu-Chayan; NUID 49367,20260724162936.935_CR_Final_Report_49367_2024_25_JBP.pdf,49367,125
ME/JBP/2024/PCS_06/49367,79.631,21.666,1250.0,1361.0,1376.0,2712.0,2806.0,2076.0,0.32681018114089966,-0.01703515835106373,1.1008000373840332,1.3516377210617065,17.48,1,authoritative_manganese_positive,PCS,Garnet rich rock with mineralization,Geological Survey of India (GSI) / NGDR/Bhu-Chayan; NUID 49367,20260724162936.935_CR_Final_Report_49367_2024_25_JBP.pdf,49367,125
ME/JBP/2024/PCS_07/49367,79.652,21.69,1262.0,1450.0,1476.0,2859.0,2945.0,2128.0,0.31903114914894104,-0.014817367307841778,1.169572114944458,1.3839285373687744,0.61,1,authoritative_manganese_positive,PCS,Reddiesh pink rock,Geological Survey of India (GSI) / NGDR/Bhu-Chayan; NUID 49367,20260724162936.935_CR_Final_Report_49367_2024_25_JBP.pdf,49367,125
ME/JBP/2024/PCS_08/49367,79.655,21.715,1345.0,1529.0,1748.0,2748.0,3584.0,2749.0,0.22241993248462677,-0.1320277899503708,1.2996282577514648,1.3037468194961548,0.09,1,authoritative_manganese_positive,PCS,White to dull white color rock crystaline in nature,Geological Survey of India (GSI) / NGDR/Bhu-Chayan; NUID 49367,20260724162936.935_CR_Final_Report_49367_2024_25_JBP.pdf,49367,125
ME/JBP/2024/PCS_09/49367,79.657,21.676,1270.0,1447.0,1479.0,2966.0,2954.0,2163.0,0.3345331847667694,0.002027027076110244,1.1645668745040894,1.365695834159851,0.18,1,authoritative_manganese_positive,PCS,Light to khakee green color Qtz carbonate rock,Geological Survey of India (GSI) / NGDR/Bhu-Chayan; NUID 49367,20260724162936.935_CR_Final_Report_49367_2024_25_JBP.pdf,49367,125
ME/JBP/2024/PCS_10/49367,79.634,21.742,1468.0,1732.0,1979.0,3495.0,3622.0,2573.0,0.276945561170578,-0.01784459687769413,1.3480926752090454,1.4076952934265137,0.12,1,authoritative_manganese_positive,PCS,Pink to white carbonate rock,Geological Survey of India (GSI) / NGDR/Bhu-Chayan; NUID 49367,20260724162936.935_CR_Final_Report_49367_2024_25_JBP.pdf,49367,125
ME/JBP/2023/PS_1/46856,79.678,21.701,1581.0,1962.0,2145.0,3096.0,3490.0,2623.0,0.18145392835140228,-0.05982387065887451,1.3567363023757935,1.3305375576019287,,1,authoritative_manganese_positive,PS,Mineralization associated with quartzofeldspathic rock hosted within schist,Geological Survey of India (GSI) / NGDR/Bhu-Chayan; NUID 49367,20260724162936.935_CR_Final_Report_49367_2024_25_JBP.pdf,49367,125
ME/JBP/2023/PS_2/49367,79.649,21.71,1524.0,1878.0,2138.0,3618.0,4025.0,2995.0,0.2571229934692383,-0.05325134098529816,1.4028871059417725,1.3439065217971802,,1,authoritative_manganese_positive,PS,Mineralization associated with quartz and light pinkish feldspar,Geological Survey of India (GSI) / NGDR/Bhu-Chayan; NUID 49367,20260724162936.935_CR_Final_Report_49367_2024_25_JBP.pdf,49367,125
ME/JBP/2023/PS_3/49367,79.638,21.706,1412.0,1599.0,1873.0,2907.0,3953.0,3079.0,0.21631799638271332,-0.15247812867164612,1.3264873027801514,1.2838584184646606,,1,authoritative_manganese_positive,PS,Mineralization associated with quartz vein along fracture,Geological Survey of India (GSI) / NGDR/Bhu-Chayan; NUID 49367,20260724162936.935_CR_Final_Report_49367_2024_25_JBP.pdf,49367,125
ME/JBP/2023/PS_4/49367,79.682,21.729,1669.0,1881.0,2272.0,3348.0,4414.0,3566.0,0.1914590746164322,-0.13733573257923126,1.361294150352478,1.237801432609558,,1,authoritative_manganese_positive,PS,Minerlization is intermixed with quartzpfeldspathic rock yellowish coloured,Geological Survey of India (GSI) / NGDR/Bhu-Chayan; NUID 49367,20260724162936.935_CR_Final_Report_49367_2024_25_JBP.pdf,49367,125
ME/JBP/2023/PS_6/49367,79.703,21.738,1455.0,1648.0,1863.0,3373.0,3912.0,2872.0,0.28838807344436646,-0.07398764789104462,1.2804123163223267,1.3621169328689575,,1,authoritative_manganese_positive,PS,Quartz vein comprising quartz and some greenish coloured mineral,Geological Survey of India (GSI) / NGDR/Bhu-Chayan; NUID 49367,20260724162936.935_CR_Final_Report_49367_2024_25_JBP.pdf,49367,125
ME/JBP/2023/PS_7/49367,79.638,21.665,1199.0,1430.0,1362.0,2797.0,2870.0,2069.0,0.3450348675251007,-0.012881595641374588,1.1359466314315796,1.3871434926986694,,1,authoritative_manganese_positive,PS,"Garnet and quartz rich greenish rock, gondite??",Geological Survey of India (GSI) / NGDR/Bhu-Chayan; NUID 49367,20260724162936.935_CR_Final_Report_49367_2024_25_JBP.pdf,49367,125
ME/JBP/2023/PS_8/49367,79.678,21.684,1239.0,1425.0,1480.0,2711.0,3173.0,2344.0,0.2937246561050415,-0.07851801812648773,1.1945116519927979,1.3536689281463623,,1,authoritative_manganese_positive,PS,Garnet rich manganese mineralization,Geological Survey of India (GSI) / NGDR/Bhu-Chayan; NUID 49367,20260724162936.935_CR_Final_Report_49367_2024_25_JBP.pdf,49367,125
ME/JBP/2023/PS_9/49367,79.74,21.717,1245.0,1469.0,1451.0,3095.0,3181.0,2285.0,0.36163660883903503,-0.013702995143830776,1.1654618978500366,1.392122507095337,,1,authoritative_manganese_positive,PS,Banded manganese mineralization,Geological Survey of India (GSI) / NGDR/Bhu-Chayan; NUID 49367,20260724162936.935_CR_Final_Report_49367_2024_25_JBP.pdf,49367,125
ME/JBP/2023/PS_10/49367,79.692,21.703,1239.0,1384.0,1373.0,3136.0,2603.0,1923.0,0.3909958004951477,0.09287331998348236,1.1081517934799194,1.353614091873169,,1,authoritative_manganese_positive,PS,Quartz-mica-schist sheared in nature,Geological Survey of India (GSI) / NGDR/Bhu-Chayan; NUID 49367,20260724162936.935_CR_Final_Report_49367_2024_25_JBP.pdf,49367,125
ME/JBP/2023/PS_11/49367,79.69,21.703,1239.0,1415.0,1438.0,2896.0,3238.0,2370.0,0.3364097774028778,-0.05575481057167053,1.1606134176254272,1.3662446737289429,,1,authoritative_manganese_positive,PS,"Garnet and quartz rich greenish rock, gondite??",Geological Survey of India (GSI) / NGDR/Bhu-Chayan; NUID 49367,20260724162936.935_CR_Final_Report_49367_2024_25_JBP.pdf,49367,125
ME/JBP/2023/PS_12/49367,79.646,21.696,1349.0,1548.0,1716.0,3121.0,3478.0,2588.0,0.29046928882598877,-0.054099105298519135,1.2720533609390259,1.3438949584960938,,1,authoritative_manganese_positive,PS,"Remobilized Mn ore, Quartz+garnet and Mn mineralization",Geological Survey of India (GSI) / NGDR/Bhu-Chayan; NUID 49367,20260724162936.935_CR_Final_Report_49367_2024_25_JBP.pdf,49367,125
